image_path,actual_class,predicted_class,confidence,top_3
Plant_leave_diseases_dataset_with_augmentation/Apple___healthy/image (1179).JPG,Apple___healthy,Blueberry___healthy,0.8175226449966431,Blueberry___healthy:0.81752264 | Apple___healthy:0.18183453 | Peach___Bacterial_spot:0.00024295
Plant_leave_diseases_dataset_with_augmentation/Apple___healthy/image (959).JPG,Apple___healthy,Apple___Apple_scab,0.8933787941932678,Apple___Apple_scab:0.89337879 | Apple___healthy:0.09800900 | Tomato___Leaf_Mold:0.00428974
Plant_leave_diseases_dataset_with_augmentation/Background_without_leaves/image (1089).jpg,Background_without_leaves,Squash___Powdery_mildew,0.9965351819992065,Squash___Powdery_mildew:0.99653518 | Background_without_leaves:0.00346391 | Tomato___Late_blight:0.00000062
Plant_leave_diseases_dataset_with_augmentation/Grape___Black_rot/image (1179).JPG,Grape___Black_rot,Grape___Esca_(Black_Measles),0.830755889415741,Grape___Esca_(Black_Measles):0.83075589 | Grape___Black_rot:0.16924055 | Grape___Leaf_blight_(Isariopsis_Leaf_Spot):0.00000357
Plant_leave_diseases_dataset_with_augmentation/Peach___healthy/image (1).JPG,Peach___healthy,Peach___Bacterial_spot,0.8868831992149353,Peach___Bacterial_spot:0.88688320 | Peach___healthy:0.11303835 | Tomato___Leaf_Mold:0.00007332
Plant_leave_diseases_dataset_with_augmentation/Potato___Early_blight/image (819).JPG,Potato___Early_blight,Tomato___Septoria_leaf_spot,0.9446215629577637,Tomato___Septoria_leaf_spot:0.94462156 | Potato___Early_blight:0.05248215 | Tomato___Late_blight:0.00188162
Plant_leave_diseases_dataset_with_augmentation/Potato___Early_blight/image (909).JPG,Potato___Early_blight,Tomato___Septoria_leaf_spot,0.9189321398735046,Tomato___Septoria_leaf_spot:0.91893214 | Potato___Early_blight:0.05094481 | Tomato___Late_blight:0.02517059
Plant_leave_diseases_dataset_with_augmentation/Tomato___Early_blight/image (729).JPG,Tomato___Early_blight,Tomato___Late_blight,0.9987313151359558,Tomato___Late_blight:0.99873132 | Background_without_leaves:0.00126088 | Apple___Cedar_apple_rust:0.00000349
Plant_leave_diseases_dataset_with_augmentation/Tomato___Early_blight/image (819).JPG,Tomato___Early_blight,Tomato___Late_blight,0.8503118753433228,Tomato___Late_blight:0.85031188 | Tomato___Early_blight:0.14351681 | Background_without_leaves:0.00595643
Plant_leave_diseases_dataset_with_augmentation/Tomato___Late_blight/image (1628).JPG,Tomato___Late_blight,Tomato___Leaf_Mold,0.966650664806366,Tomato___Leaf_Mold:0.96665066 | Tomato___Late_blight:0.01268240 | Tomato___Septoria_leaf_spot:0.00749012
Plant_leave_diseases_dataset_with_augmentation/Tomato___Late_blight/image (1899).JPG,Tomato___Late_blight,Tomato___Tomato_Yellow_Leaf_Curl_Virus,0.8545063734054565,Tomato___Tomato_Yellow_Leaf_Curl_Virus:0.85450637 | Cherry___Powdery_mildew:0.04173307 | Tomato___Bacterial_spot:0.04053990
Plant_leave_diseases_dataset_with_augmentation/Tomato___Late_blight/image (360).JPG,Tomato___Late_blight,Tomato___Tomato_Yellow_Leaf_Curl_Virus,0.9648398160934448,Tomato___Tomato_Yellow_Leaf_Curl_Virus:0.96483982 | Tomato___Late_blight:0.01688599 | Squash___Powdery_mildew:0.00653571
Plant_leave_diseases_dataset_with_augmentation/Tomato___Septoria_leaf_spot/image (1539).JPG,Tomato___Septoria_leaf_spot,Apple___Black_rot,0.8624870181083679,Apple___Black_rot:0.86248702 | Tomato___Septoria_leaf_spot:0.13434559 | Apple___Apple_scab:0.00283739
