image,status,predicted_class,confidence,top_3,expected_class_if_determinable,expected_class_basis,filename_comparison
demo_images\1.png,FAIL,,,,,not determinable from repository,NOT_VERIFIABLE
demo_images\2.png,FAIL,,,,,not determinable from repository,NOT_VERIFIABLE
demo_images\3.png,FAIL,,,,,not determinable from repository,NOT_VERIFIABLE
demo_images\4.JPG,PASS,Corn___healthy,1.0,Corn___healthy:1.00000000 | Tomato___Late_blight:0.00000000 | Background_without_leaves:0.00000000,,not determinable from repository,NOT_VERIFIABLE
demo_images\5.png,FAIL,,,,,not determinable from repository,NOT_VERIFIABLE
test_images\Apple_ceder_apple_rust.JPG,PASS,Apple___Cedar_apple_rust,0.9998490810394287,Apple___Cedar_apple_rust:0.99984908 | Cherry___Powdery_mildew:0.00014262 | Tomato___Bacterial_spot:0.00000825,Apple___Cedar_apple_rust,filename only; not verified ground truth,MATCH
test_images\Apple_scab.JPG,PASS,Tomato___Septoria_leaf_spot,0.9294549822807312,Tomato___Septoria_leaf_spot:0.92945498 | Tomato___Target_Spot:0.06542549 | Apple___Apple_scab:0.00232747,Apple___Apple_scab,filename only; not verified ground truth,MISMATCH
test_images\Grape_esca.JPG,PASS,Grape___Esca_(Black_Measles),0.9989978671073914,Grape___Esca_(Black_Measles):0.99899787 | Grape___Black_rot:0.00099724 | Tomato___Early_blight:0.00000212,Grape___Esca_(Black_Measles),filename only; not verified ground truth,MATCH
test_images\apple_black_rot.JPG,PASS,"Pepper,_bell___healthy",0.351353257894516,"Pepper,_bell___healthy:0.35135326 | Cherry___healthy:0.30035073 | Pepper,_bell___Bacterial_spot:0.15617509",Apple___Black_rot,filename only; not verified ground truth,MISMATCH
test_images\apple_healthy.JPG,PASS,Apple___healthy,0.9643766283988953,Apple___healthy:0.96437663 | Tomato___Leaf_Mold:0.00988360 | Tomato___Bacterial_spot:0.00812164,Apple___healthy,filename only; not verified ground truth,MATCH
test_images\background_without_leaves.jpg,PASS,Background_without_leaves,1.0,Background_without_leaves:1.00000000 | Corn___Northern_Leaf_Blight:0.00000000 | Corn___Cercospora_leaf_spot Gray_leaf_spot:0.00000000,Background_without_leaves,filename only; not verified ground truth,MATCH
test_images\blueberry_healthy.JPG,PASS,Blueberry___healthy,0.999963641166687,Blueberry___healthy:0.99996364 | Tomato___Leaf_Mold:0.00002990 | Apple___healthy:0.00000451,Blueberry___healthy,filename only; not verified ground truth,MATCH
test_images\cherry_healthy.JPG,PASS,Cherry___healthy,0.9997789263725281,"Cherry___healthy:0.99977893 | Pepper,_bell___healthy:0.00021982 | Potato___healthy:0.00000098",Cherry___healthy,filename only; not verified ground truth,MATCH
test_images\cherry_powdery_mildew.JPG,PASS,Cherry___Powdery_mildew,0.9990195035934448,Cherry___Powdery_mildew:0.99901950 | Apple___Cedar_apple_rust:0.00097216 | Tomato___Bacterial_spot:0.00000440,Cherry___Powdery_mildew,filename only; not verified ground truth,MATCH
test_images\corn_cercospora_leaf.JPG,PASS,Corn___Cercospora_leaf_spot Gray_leaf_spot,0.982987642288208,Corn___Cercospora_leaf_spot Gray_leaf_spot:0.98298764 | Apple___Cedar_apple_rust:0.01429641 | Corn___Northern_Leaf_Blight:0.00214074,Corn___Cercospora_leaf_spot Gray_leaf_spot,filename only; not verified ground truth,MATCH
test_images\corn_common_rust.JPG,PASS,Corn___Common_rust,0.9999998807907104,Corn___Common_rust:0.99999988 | Corn___Cercospora_leaf_spot Gray_leaf_spot:0.00000016 | Background_without_leaves:0.00000000,Corn___Common_rust,filename only; not verified ground truth,MATCH
test_images\corn_healthy.jpg,PASS,Corn___healthy,1.0,Corn___healthy:1.00000000 | Apple___Apple_scab:0.00000000 | Corn___Northern_Leaf_Blight:0.00000000,Corn___healthy,filename only; not verified ground truth,MATCH
test_images\corn_northen_leaf_blight.JPG,PASS,Corn___Northern_Leaf_Blight,0.9166930913925171,Corn___Northern_Leaf_Blight:0.91669309 | Corn___Cercospora_leaf_spot Gray_leaf_spot:0.07422563 | Squash___Powdery_mildew:0.00890271,Corn___Northern_Leaf_Blight,filename only; not verified ground truth,MATCH
test_images\grape_black_rot.JPG,PASS,Grape___Black_rot,0.9496670961380005,Grape___Black_rot:0.94966710 | Grape___Leaf_blight_(Isariopsis_Leaf_Spot):0.03018048 | Grape___Esca_(Black_Measles):0.01712421,Grape___Black_rot,filename only; not verified ground truth,MATCH
test_images\grape_healthy.JPG,PASS,Grape___healthy,0.7188893556594849,Grape___healthy:0.71888936 | Soybean___healthy:0.13688596 | Cherry___healthy:0.11821646,Grape___healthy,filename only; not verified ground truth,MATCH
test_images\grape_leaf_blight.JPG,PASS,Grape___Leaf_blight_(Isariopsis_Leaf_Spot),0.5767716765403748,Grape___Leaf_blight_(Isariopsis_Leaf_Spot):0.57677168 | Grape___Esca_(Black_Measles):0.19413190 | Grape___Black_rot:0.10627905,Grape___Leaf_blight_(Isariopsis_Leaf_Spot),filename only; not verified ground truth,MATCH
test_images\orange_haunglongbing.JPG,PASS,Orange___Haunglongbing_(Citrus_greening),1.0,Orange___Haunglongbing_(Citrus_greening):1.00000000 | Tomato___Tomato_Yellow_Leaf_Curl_Virus:0.00000002 | Cherry___healthy:0.00000000,Orange___Haunglongbing_(Citrus_greening),filename only; not verified ground truth,MATCH
test_images\peach_bacterial_spot.JPG,PASS,Peach___Bacterial_spot,0.9408191442489624,Peach___Bacterial_spot:0.94081914 | Tomato___Tomato_Yellow_Leaf_Curl_Virus:0.04341490 | Tomato___Bacterial_spot:0.01082750,Peach___Bacterial_spot,filename only; not verified ground truth,MATCH
test_images\peach_healthy.JPG,PASS,Peach___healthy,0.9999998807907104,Peach___healthy:0.99999988 | Peach___Bacterial_spot:0.00000013 | Blueberry___healthy:0.00000002,Peach___healthy,filename only; not verified ground truth,MATCH
test_images\pepper_bacterial_spot.JPG,PASS,"Pepper,_bell___healthy",0.63649582862854,"Pepper,_bell___healthy:0.63649583 | Pepper,_bell___Bacterial_spot:0.32359889 | Blueberry___healthy:0.02126722","Pepper,_bell___Bacterial_spot",filename only; not verified ground truth,MISMATCH
test_images\pepper_bell_healthy.JPG,PASS,"Pepper,_bell___healthy",0.9999814033508301,"Pepper,_bell___healthy:0.99998140 | Soybean___healthy:0.00000973 | Raspberry___healthy:0.00000620","Pepper,_bell___healthy",filename only; not verified ground truth,MATCH
test_images\potato_early_blight.JPG,PASS,Potato___Early_blight,0.9077616333961487,Potato___Early_blight:0.90776163 | Tomato___Septoria_leaf_spot:0.06009647 | Tomato___Late_blight:0.03161921,Potato___Early_blight,filename only; not verified ground truth,MATCH
test_images\potato_healthy.JPG,PASS,Potato___healthy,0.9725539088249207,Potato___healthy:0.97255391 | Cherry___healthy:0.02331336 | Soybean___healthy:0.00406787,Potato___healthy,filename only; not verified ground truth,MATCH
test_images\potato_late_blight.JPG,PASS,Potato___Late_blight,0.5324290990829468,Potato___Late_blight:0.53242910 | Tomato___Late_blight:0.31561527 | Tomato___Early_blight:0.10511402,Potato___Late_blight,filename only; not verified ground truth,MATCH
test_images\raspberry_healthy.JPG,PASS,Raspberry___healthy,0.9431322813034058,"Raspberry___healthy:0.94313228 | Soybean___healthy:0.05547385 | Pepper,_bell___healthy:0.00088169",Raspberry___healthy,filename only; not verified ground truth,MATCH
test_images\soyaben healthy.JPG,PASS,Soybean___healthy,0.9911583065986633,Soybean___healthy:0.99115831 | Cherry___healthy:0.00595129 | Potato___healthy:0.00124810,Soybean___healthy,filename only; not verified ground truth,MATCH
test_images\squash_powdery_mildew.JPG,PASS,Squash___Powdery_mildew,0.9999992847442627,Squash___Powdery_mildew:0.99999928 | Apple___Apple_scab:0.00000039 | Strawberry___healthy:0.00000008,Squash___Powdery_mildew,filename only; not verified ground truth,MATCH
test_images\starwberry_healthy.JPG,PASS,Strawberry___healthy,0.9999599456787109,Strawberry___healthy:0.99995995 | Strawberry___Leaf_scorch:0.00002781 | Blueberry___healthy:0.00001084,Strawberry___healthy,filename only; not verified ground truth,MATCH
test_images\starwberry_leaf_scorch.JPG,PASS,Strawberry___Leaf_scorch,0.9848135113716125,Strawberry___Leaf_scorch:0.98481351 | Tomato___Septoria_leaf_spot:0.01500000 | Tomato___Late_blight:0.00012892,Strawberry___Leaf_scorch,filename only; not verified ground truth,MATCH
test_images\tomato-bacterial-spot2.jpg,PASS,Squash___Powdery_mildew,0.8208791017532349,Squash___Powdery_mildew:0.82087910 | Corn___Cercospora_leaf_spot Gray_leaf_spot:0.06657280 | Corn___Common_rust:0.03378624,Tomato___Bacterial_spot,filename only; not verified ground truth,MISMATCH
test_images\tomato-leaf-curl-virus3.jpg,PASS,Raspberry___healthy,0.9999672174453735,Raspberry___healthy:0.99996722 | Strawberry___healthy:0.00003130 | Background_without_leaves:0.00000140,Tomato___Tomato_Yellow_Leaf_Curl_Virus,filename only; not verified ground truth,MISMATCH
test_images\tomato-mold.jpg,PASS,Potato___Early_blight,0.9317288994789124,Potato___Early_blight:0.93172890 | Apple___Apple_scab:0.05782266 | Corn___Cercospora_leaf_spot Gray_leaf_spot:0.00437924,Tomato___Leaf_Mold,filename only; not verified ground truth,MISMATCH
test_images\tomato_bacterial_spot.JPG,PASS,Tomato___Early_blight,0.5991833806037903,Tomato___Early_blight:0.59918338 | Tomato___Bacterial_spot:0.29573533 | Tomato___Tomato_Yellow_Leaf_Curl_Virus:0.05559728,Tomato___Bacterial_spot,filename only; not verified ground truth,MISMATCH
test_images\tomato_early_blight.JPG,PASS,Tomato___Early_blight,0.9663026928901672,Tomato___Early_blight:0.96630269 | Tomato___Late_blight:0.02591632 | Grape___Esca_(Black_Measles):0.00265304,Tomato___Early_blight,filename only; not verified ground truth,MATCH
test_images\tomato_healthy.JPG,PASS,Tomato___healthy,1.0,Tomato___healthy:1.00000000 | Squash___Powdery_mildew:0.00000001 | Tomato___Late_blight:0.00000000,Tomato___healthy,filename only; not verified ground truth,MATCH
test_images\tomato_late_blight.JPG,PASS,Tomato___Late_blight,0.9200169444084167,Tomato___Late_blight:0.92001694 | Potato___Late_blight:0.06946218 | Tomato___Early_blight:0.01041899,Tomato___Late_blight,filename only; not verified ground truth,MATCH
test_images\tomato_leaf_mold.JPG,PASS,Tomato___Leaf_Mold,0.9999221563339233,Tomato___Leaf_Mold:0.99992216 | Tomato___Late_blight:0.00004834 | Tomato___Spider_mites Two-spotted_spider_mite:0.00001078,Tomato___Leaf_Mold,filename only; not verified ground truth,MATCH
test_images\tomato_mosaic_virus.JPG,PASS,Tomato___Tomato_mosaic_virus,0.9991810917854309,Tomato___Tomato_mosaic_virus:0.99918109 | Tomato___Septoria_leaf_spot:0.00081562 | Tomato___Target_Spot:0.00000317,Tomato___Tomato_mosaic_virus,filename only; not verified ground truth,MATCH
test_images\tomato_septoria_leaf_spot.JPG,PASS,Tomato___Septoria_leaf_spot,0.9999611377716064,"Tomato___Septoria_leaf_spot:0.99996114 | Peach___Bacterial_spot:0.00003860 | Pepper,_bell___Bacterial_spot:0.00000018",Tomato___Septoria_leaf_spot,filename only; not verified ground truth,MATCH
test_images\tomato_spider_mites_two_spotted_spider_mites.JPG,PASS,Tomato___Spider_mites Two-spotted_spider_mite,0.9999948740005493,Tomato___Spider_mites Two-spotted_spider_mite:0.99999487 | Tomato___Late_blight:0.00000284 | Tomato___Tomato_Yellow_Leaf_Curl_Virus:0.00000201,Tomato___Spider_mites Two-spotted_spider_mite,filename only; not verified ground truth,MATCH
test_images\tomato_target_spot.JPG,PASS,Tomato___Target_Spot,0.9924374222755432,Tomato___Target_Spot:0.99243742 | Tomato___healthy:0.00467987 | Tomato___Spider_mites Two-spotted_spider_mite:0.00169881,Tomato___Target_Spot,filename only; not verified ground truth,MATCH
test_images\tomato_yellow_leaf_curl_virus.JPG,PASS,Tomato___Tomato_Yellow_Leaf_Curl_Virus,0.9999126195907593,Tomato___Tomato_Yellow_Leaf_Curl_Virus:0.99991262 | Tomato___Leaf_Mold:0.00008687 | Tomato___Spider_mites Two-spotted_spider_mite:0.00000022,Tomato___Tomato_Yellow_Leaf_Curl_Virus,filename only; not verified ground truth,MATCH
test_images\tomato_yellow_leaf_curl_virus2.jpg,PASS,Strawberry___Leaf_scorch,0.5852859020233154,Strawberry___Leaf_scorch:0.58528590 | Peach___Bacterial_spot:0.12125923 | Grape___Esca_(Black_Measles):0.09434332,Tomato___Tomato_Yellow_Leaf_Curl_Virus,filename only; not verified ground truth,MISMATCH
