class,precision,recall,f1,support
Apple___Apple_scab,0.6428571428571429,0.9,0.75,10
Apple___Black_rot,0.8181818181818182,0.9,0.8571428571428571,10
Apple___Cedar_apple_rust,1.0,1.0,1.0,10
Apple___healthy,1.0,0.7058823529411765,0.8275862068965517,17
Background_without_leaves,1.0,0.9166666666666666,0.9565217391304348,12
Blueberry___healthy,0.7894736842105263,0.9375,0.8571428571428571,16
Cherry___Powdery_mildew,1.0,1.0,1.0,11
Cherry___healthy,0.9090909090909091,1.0,0.9523809523809523,10
Corn___Cercospora_leaf_spot Gray_leaf_spot,1.0,1.0,1.0,10
Corn___Common_rust,1.0,1.0,1.0,12
Corn___Northern_Leaf_Blight,1.0,1.0,1.0,10
Corn___healthy,1.0,1.0,1.0,12
Grape___Black_rot,0.9090909090909091,0.8333333333333334,0.8695652173913043,12
Grape___Esca_(Black_Measles),0.8666666666666667,0.9285714285714286,0.896551724137931,14
Grape___Leaf_blight_(Isariopsis_Leaf_Spot),1.0,1.0,1.0,11
Grape___healthy,1.0,1.0,1.0,10
Orange___Haunglongbing_(Citrus_greening),1.0,1.0,1.0,56
Peach___Bacterial_spot,0.9166666666666666,0.9565217391304348,0.9361702127659575,23
Peach___healthy,1.0,0.9,0.9473684210526315,10
"Pepper,_bell___Bacterial_spot",1.0,0.8,0.8888888888888888,10
"Pepper,_bell___healthy",1.0,1.0,1.0,15
Potato___Early_blight,1.0,0.7,0.8235294117647058,10
Potato___Late_blight,1.0,0.8,0.8888888888888888,10
Potato___healthy,1.0,1.0,1.0,10
Raspberry___healthy,1.0,1.0,1.0,10
Soybean___healthy,1.0,1.0,1.0,51
Squash___Powdery_mildew,0.9473684210526315,0.9473684210526315,0.9473684210526315,19
Strawberry___Leaf_scorch,0.9230769230769231,1.0,0.96,12
Strawberry___healthy,0.9090909090909091,1.0,0.9523809523809523,10
Tomato___Bacterial_spot,0.9565217391304348,1.0,0.9777777777777777,22
Tomato___Early_blight,0.8333333333333334,0.5,0.625,10
Tomato___Late_blight,0.7222222222222222,0.65,0.6842105263157895,20
Tomato___Leaf_Mold,0.6666666666666666,1.0,0.8,10
Tomato___Septoria_leaf_spot,0.6666666666666666,0.7777777777777778,0.717948717948718,18
Tomato___Spider_mites Two-spotted_spider_mite,0.9444444444444444,1.0,0.9714285714285714,17
Tomato___Target_Spot,0.9285714285714286,0.8666666666666667,0.896551724137931,15
Tomato___Tomato_Yellow_Leaf_Curl_Virus,0.9622641509433962,0.9444444444444444,0.9532710280373832,54
Tomato___Tomato_mosaic_virus,1.0,1.0,1.0,10
Tomato___healthy,1.0,1.0,1.0,16
